f0fbd979-ae0d-11ee-81c5-ccd9ac469307.jpg,[]
88f7263f-ae0e-11ee-a829-ccd9ac469307.jpg,[]
a55982d4-ae0e-11ee-933b-ccd9ac469307.jpg,"[""'1806""]"
eae42276-ae0e-11ee-bab2-ccd9ac469307.jpg,['1806']
f6cb0cab-ae0e-11ee-9887-ccd9ac469307.jpg,['771806']
f8420aaf-ae0e-11ee-951b-ccd9ac469307.jpg,['1806']
fa664ec0-ae0e-11ee-b12d-ccd9ac469307.jpg,"[""'1806""]"
fbfaa310-ae0e-11ee-88d5-ccd9ac469307.jpg,['771806']
fdbd14c1-ae0e-11ee-ac4c-ccd9ac469307.jpg,['7553']
ff36b335-ae0e-11ee-a4e4-ccd9ac469307.jpg,"['04,7552']"
017c2cbe-ae0f-11ee-aaee-ccd9ac469307.jpg,['047552/']
032bc5c9-ae0f-11ee-8f5a-ccd9ac469307.jpg,['0475521']
db28185f-ae18-11ee-82c3-ccd9ac469307.jpg,['[N1896']
dd26a24f-ae18-11ee-a894-ccd9ac469307.jpg,['@N4898 ']
df20bd02-ae18-11ee-8e4a-ccd9ac469307.jpg,['pun 1896']
e3e4268d-ae18-11ee-a398-ccd9ac469307.jpg,['771806']
e5c64a70-ae18-11ee-8f25-ccd9ac469307.jpg,['771806']
e7ae95c2-ae18-11ee-9cb0-ccd9ac469307.jpg,['(771806']
ea7468d0-ae18-11ee-8d92-ccd9ac469307.jpg,['(771806']
ec5e3930-ae18-11ee-89d1-ccd9ac469307.jpg,['0H7552']
ee3e1ab5-ae18-11ee-923c-ccd9ac469307.jpg,['1047552']
f01ef1a3-ae18-11ee-b15f-ccd9ac469307.jpg,['047552']
f202b646-ae18-11ee-b4ce-ccd9ac469307.jpg,['0H75521']
f3f4347f-ae18-11ee-a48b-ccd9ac469307.jpg,['0475524']
f5dadd2c-ae18-11ee-accc-ccd9ac469307.jpg,['1H75521']
f7aa40ea-ae18-11ee-a91b-ccd9ac469307.jpg,['5615Y4']
f97d3c85-ae18-11ee-96f9-ccd9ac469307.jpg,['[5615Y']
fb47dbf6-ae18-11ee-8348-ccd9ac469307.jpg,['56154']
fd214e88-ae18-11ee-9abd-ccd9ac469307.jpg,['AJF: |207']
fefab8ee-ae18-11ee-a758-ccd9ac469307.jpg,['AjF:1207']
00d1eebd-ae19-11ee-96ef-ccd9ac469307.jpg,['3369K0']
02a82e06-ae19-11ee-acad-ccd9ac469307.jpg,['3369K0/']
04c73dd0-ae19-11ee-a9ce-ccd9ac469307.jpg,['3369K0']
06ca3b0f-ae19-11ee-905a-ccd9ac469307.jpg,['UN:1896 ']
08b7e097-ae19-11ee-b589-ccd9ac469307.jpg,['Jun1896']
0aa52795-ae19-11ee-b790-ccd9ac469307.jpg,['213089']
0c774f7a-ae19-11ee-beb4-ccd9ac469307.jpg,['213089']
0e47f8ec-ae19-11ee-940e-ccd9ac469307.jpg,['2113089']
10160d7a-ae19-11ee-b70b-ccd9ac469307.jpg,['2113089']
11ea0135-ae19-11ee-8bb7-ccd9ac469307.jpg,['2143089']
13b7bbb0-ae19-11ee-8ae4-ccd9ac469307.jpg,['3089']
15a2527a-ae19-11ee-bdaf-ccd9ac469307.jpg,['3089']
17a46751-ae19-11ee-b4f3-ccd9ac469307.jpg,['3089']
19c4e865-ae19-11ee-af43-ccd9ac469307.jpg,['2M3089']
1bb1fbec-ae19-11ee-ae23-ccd9ac469307.jpg,['2M3089']
1d85d142-ae19-11ee-a9b9-ccd9ac469307.jpg,['213089']
1f866952-ae19-11ee-801e-ccd9ac469307.jpg,['213089']
216466c9-ae19-11ee-a142-ccd9ac469307.jpg,['2M3089']
2343bb1c-ae19-11ee-bc35-ccd9ac469307.jpg,['213089']
25268999-ae19-11ee-851e-ccd9ac469307.jpg,['213089']
272191df-ae19-11ee-8930-ccd9ac469307.jpg,['213089']
29036f67-ae19-11ee-aefc-ccd9ac469307.jpg,['2M3089 ']
2ae6bd56-ae19-11ee-aad6-ccd9ac469307.jpg,['213089']
2cc2e78c-ae19-11ee-a8fd-ccd9ac469307.jpg,['BDL:9597']
2e9793ad-ae19-11ee-a2dd-ccd9ac469307.jpg,['BDL:9597']
30758ea7-ae19-11ee-a459-ccd9ac469307.jpg,['AHU9935|']
3250fc97-ae19-11ee-9841-ccd9ac469307.jpg,['AHU9935']
3428dfff-ae19-11ee-ade3-ccd9ac469307.jpg,['AHU9935']
3608431c-ae19-11ee-8455-ccd9ac469307.jpg,['AHU9935}']
37ea1af7-ae19-11ee-8186-ccd9ac469307.jpg,['AHU9935']
39d2ba12-ae19-11ee-9a53-ccd9ac469307.jpg,['Ajz2988']
3ba88046-ae19-11ee-9601-ccd9ac469307.jpg,['Ajz2988']
3d7fcc91-ae19-11ee-9177-ccd9ac469307.jpg,['Ajz2988']
3f4caef9-ae19-11ee-b8fd-ccd9ac469307.jpg,['Ajz2988']
411fa1be-ae19-11ee-84b2-ccd9ac469307.jpg,['Ajzz988']
42fb16ab-ae19-11ee-ba97-ccd9ac469307.jpg,['Ajz2988']
44d5c630-ae19-11ee-b9d9-ccd9ac469307.jpg,['Ajz2988']
